<?xml version="1.0" encoding="UTF-8"?>
<!DOCTYPE catalog PUBLIC "-//OASIS//DTD XML Catalogs V1.1//EN" "http://www.oasis-open.org/committees/entity/release/1.1/catalog.dtd">
<catalog prefer="public" xmlns="urn:oasis:names:tc:entity:xmlns:xml:catalog">
  <uri name="http://reference.niem.gov/niem/specification/code-lists/5.0/code-lists-instance/" uri="niem/utility/code-lists-instance.xsd"/>
  <uri name="http://release.niem.gov/niem/adapters/geospatial/5.0/" uri="niem/adapters/geospatial.xsd"/>
  <uri name="http://release.niem.gov/niem/codes/aamva_d20/5.0/" uri="niem/codes/aamva_d20.xsd"/>
  <uri name="http://release.niem.gov/niem/conformanceTargets/3.0/" uri="niem/utility/conformanceTargets.xsd"/>
  <uri name="http://release.niem.gov/niem/domains/jxdm/7.0/" uri="niem/domains/jxdm.xsd"/>
  <uri name="http://release.niem.gov/niem/niem-core/5.0/" uri="niem/niem-core.xsd"/>
  <uri name="http://release.niem.gov/niem/proxy/niem-xs/5.0/" uri="niem/adapters/niem-xs.xsd"/>
  <uri name="http://release.niem.gov/niem/structures/5.0/" uri="niem/utility/structures.xsd"/>
  <nextCatalog catalog="niem/codes/genc/xml-catalog.xml"/>
</catalog>